"election","cycle","fecyear","bonica.rid","bonica.cid","name","lname","ffname","fname","mname","title","suffix","party","state","seat","district","distcyc","ico.status","cand.gender","recipient.cfscore","recipient.cfscore.dyn","contributor.cfscore","dwdime","dwnom1","dwnom2","ps.dwnom1","ps.dwnom2","irt.cfscore","composite.score","num.givers","num.givers.total","total.receipts","total.disbursements","total.indiv.contribs","total.unitemized","total.pac.contribs","total.party.contribs","total.contribs.from.candidate","ind.exp.support","ind.exp.oppose","prim.vote.pct","pwinner","gen.vote.pct","gwinner","s.elec.stat","r.elec.stat","district.pres.vs","fec.cand.status","recipient.type","igcat","comtype","ICPSR","ICPSR2","Cand.ID","FEC.ID","NID","before.switch.ICPSR","after.switch.ICPSR","party.orig","nimsp.party","nimsp.candidate.ICO.code","nimsp.district","nimsp.office","nimsp.candidate.status"
"fd2016",2016,2016,"cand1539",5724239349,"toomey, patrick joseph","toomey","patrick joseph","patrick","joseph","","","200","PA","federal:senate","PAS16","2016_PA_S","I","M",1.136,1.108,1.335,1.371,0.624,-0.378,0.596,-0.311,1.131,3.17784338070642,15944,41018,22084253,27781417,13174057,3730566,3788903,58905,0,2686063.85,41311908.12,0.9905,"W",48.72,"W","","",0.496,"C","cand","","S","299352016","29935","S4PA00121","C00461046","N00001489",NA,NA,"200","","","","",""
"fd2016",2016,2018,"cand1584",3816420594,"casey, robert p jr","casey","robert p","robert","p","","jr","100","PA","federal:senate","PAS18","2016_PA_S","I","M",-0.794,-0.342,-0.669,-0.855,-0.313,0.166,-0.295,0.3,-2.192,-2.47052790121187,1851,325924,2570303,1320756,1554394,77359,869398,0,0,0,0,NA,"",NA,"","","",0.496,"F","cand","","S","407032016","40703","S6PA00217","C00431056","N00027503",NA,NA,"100","","","","",""
"fd2016",2016,2016,"cand221",5091347561,"biden, joseph robinettee","biden","joseph robinettee","joseph","robinettee","","","100","00","federal:president","PRES","","C","M",-0.588,NA,-0.34,-0.916,-0.314,-0.042,NA,NA,-0.599,-2.10777783215767,1,17848,0,0,0,0,0,0,0,0,0,NA,"",NA,"","","",NA,"N","cand","","","141012016","14101","P60012135","P60012135","NP60012135",NA,NA,"100","","","","",""
"fd2016",2016,2016,"cand100270nominee",3120056714,"trump, donald j","trump","donald j","donald","j","","","200","00","federal:president","PRES","","C","M",1.563,1.484,0.325,NA,NA,NA,NA,NA,NA,4.1594694030336,575458,2927477,350668435.7,343056732.78,46884985,86737976,154039.15,9303.25,18633208.8,31010336.7,189115349.27,NA,"",NA,"","","",NA,"C","cand","","P","P800015712016","P80001571nominee","P80001571","C00580100","NP80001571",NA,NA,"200","","","","",""
"fd2016",2016,2016,"cand129959",5000027535425528,"mcginty, kathleen alana","mcginty","kathleen alana","kathleen","alana","","","100","PA","federal:senate","PAS16","2016_PA_S","C","F",-0.912,-0.931,-0.834,-0.849,NA,NA,NA,NA,NA,-2.53257759304827,26414,27316,16592370,13021653,10302841,3761372,1151096,46800,0,9697077.42,20528767.6,0.4238,"W",47.29,"L","","",0.496,"C","cand","","S","S6PA002662016","S6PA00266","S6PA00266","C00582809","NS6PA00266",NA,NA,"100","","","","",""
"fd2018",2018,2016,"cand129959",5000027535425528,"mcginty, kathleen alana","mcginty","kathleen alana","kathleen","alana","","","100","PA","federal:senate","PAS16","2018_PA_S","C","F",-0.912,-1.09,-0.834,-0.849,NA,NA,NA,NA,NA,-2.53257759304827,84,27316,375909.34,392226.89,0,0,0,0,0,0,0,NA,"",NA,"","","",0.496,"P","cand","","S","S6PA002662018","S6PA00266","S6PA00266","C00582809","NS6PA00266",NA,NA,"100","","","","",""
"fd2018",2018,2018,"cand1584",3816420594,"casey, robert p jr","casey","robert p","robert","p","","jr","100","PA","federal:senate","PAS18","2018_PA_S","I","M",-0.794,-0.671,-0.669,-0.855,-0.313,0.166,-0.317,0.065,-2.192,-2.47052790121187,43561,325924,17816254.19,18934799.74,9710711.99,3514131.79,2665280.27,6000,0,472752.46,15680.97,0.9913,"W",55.73,"W","","",0.496,"C","cand","","S","407032018","40703","S6PA00217","C00431056","N00027503",NA,NA,"100","","","","",""
"fd2018",2018,2020,"cand100270nominee",3120056714,"trump, donald j","trump","donald j","donald","j","","","200","00","federal:president","PRES","","C","M",1.563,1.507,0.325,NA,NA,NA,NA,NA,NA,4.1594694030336,129210,2927477,67548285.1,55867086.82,8971080,18739442,12605,0,0,11192512.22,365145.51,NA,"",NA,"","","",NA,"C","cand","","P","P800015712018","P80001571nominee","P80001571","C00580100","NP80001571",NA,NA,"200","","","","",""
"fd2018",2018,2018,"cand1159",3818420264,"barletta, lou","barletta","lou","lou","","","","200","PA","federal:senate","PAS18","2018_PA_S","C","M",1.043,1.131,0.771,0.619,0.278,0.393,NA,NA,NA,1.91789049467979,5630,9693,14814157.48,15520363.3,7260706.9,5179500.78,1767247.58,4240,0,0,21087.03,0.628,"W",42.6,"L","","",0.496,"C","cand","","","S8PA003202018","21171","S8PA00320","C00445122","NS8PA00320",NA,NA,"200","","","","",""
"fd2020",2020,2018,"cand1159",3818420264,"barletta, lou","barletta","lou","lou","","","","200","PA","federal:senate","PAS18","2020_PA_S","C","M",1.043,1.011,0.771,0.619,0.278,0.393,NA,NA,NA,1.91789049467979,4,9693,26858.53,71214.88,0,0,0,0,0,0,0,NA,"",NA,"","","",0.506,"P","cand","","H","S8PA003202020","21171","S8PA00320","C00445122","NS8PA00320",NA,NA,"200","","","","",""
"fd2020",2020,2020,"cand100270nominee",3120056714,"trump, donald j","trump","donald j","donald","j","","","200","00","federal:president","PRES","","I","M",1.563,1.584,0.325,NA,NA,NA,NA,NA,NA,4.1594694030336,2029054,2927477,744350229.26,752889328.62,248186618,210164867,846953.3,0,0,31362288.22,271676301.24,NA,"",NA,"","","",NA,"C","cand","","P","P800015712020","P80001571nominee","P80001571","C00580100","NP80001571",NA,NA,"200","","","","",""
"fd2020",2020,2020,"cand221nominee",5091347561,"biden, joseph r jr","biden","joseph r","joseph","r","","jr","100","00","federal:president","PRES","","C","M",-1.006,-1.006,-0.34,-0.916,-0.314,-0.042,NA,NA,NA,-2.79044021852628,4179290,4676466,1074179976.03,1073919500.66,504504091,318593994,563064.21,8200,0,296689569.7,156839582.23,NA,"",NA,"","","",NA,"C","cand","","P","141012020","14101nominee","P80000722","C00703975","NP80000722",NA,NA,"100","","","","",""
"fd2016",2016,2016,"cand1572nominee",5000005432803210,"clinton, hillary rodham","clinton","hillary rodham","hillary","rodham","","","100","00","federal:president","PRES","","C","F",-1.058,-1.058,-0.941,-1.12,-0.367,-0.243,NA,NA,NA,-2.88087821030239,563025,563025,585669598.83,585346281.35,300111643,105552584,1793640.85,20039.3,1450335.21,229733,0,NA,"",NA,"","","",NA,"C","cand","","S","401052016nominee","40105nominee","S0NY00188","C00358895","N00000019",NA,NA,"100","","","","",""
"PA2016",2016,2016,"cand102227",34863724127,"rafferty, john c jr","rafferty","john c","john","c","","jr","200","PA","state:attorneyg","","","","M",0.54,0.634,0.821,0.399,NA,NA,NA,NA,NA,1.43565711645807,1127,2703,NA,NA,NA,0,NA,NA,NA,NA,NA,NA,"",NA,"","","",NA,"","cand","","","PA_c_2016C04532016","PA6749","PA_c_2016C0453","pa_20110213","",NA,NA,"","","","","state:attorneyg",""
"PA2016",2016,2016,"cand102231",34882755616,"shapiro, joshua d","shapiro","joshua d","joshua","d","","","100","PA","state:attorneyg","","","","M",-0.854,-0.591,-0.75,-0.857,NA,NA,NA,NA,NA,-2.18835187283216,2253,48633,NA,NA,NA,NA,NA,NA,NA,NA,NA,NA,"",NA,"","","",NA,"","cand","","","PA_c_2016C07492016","PA6753","PA_c_2016C0749","pa_20160016","",NA,NA,"","","","","state:attorneyg",""
"PA2018",2018,2018,"cand102231",34882755616,"shapiro, joshua d josh","shapiro","joshua d josh","joshua","d","","","100","PA","state:attorneyg","","","I","M",-0.854,-0.629,-0.75,-0.857,NA,NA,NA,NA,NA,-2.18835187283216,288,48633,NA,NA,NA,NA,NA,NA,NA,NA,NA,NA,"",NA,"","","",NA,"","cand","","","PA64547962018","PA6753","PA6753","","PA6454796",NA,NA,"","","","","attorney general",""
"PA2020",2020,2020,"cand68862948",29085811649,"wolf, thomas w tom","wolf","thomas w tom","thomas","w","","","100","PA","state:governor","","","","M",-0.73,-0.712,-0.733,-0.657,NA,NA,NA,NA,NA,-2.01225730999724,298,14487,NA,NA,NA,NA,NA,NA,NA,NA,NA,NA,"",NA,"","","",NA,"","cand","","","PA50237992020","PA_c_2014C1307","PA_c_2014C1307","","PA5023799",NA,NA,"","","","","governor",""
"PA2016",2016,2016,"cand68861305",29085816743,"wagner, scott r & bartos, jeffrey a","wagner","scott r & bartos","scott r & bartos","","","","200","PA","state:governor","","","C","M",1.027,0.96,1.061,0.985,NA,NA,NA,NA,NA,2.5084042669092,437,3957,NA,NA,NA,NA,NA,NA,NA,NA,NA,NA,"",NA,"","","",NA,"","cand","","","PA46805292016","pa_2014C1091","PA4680529","","PA4680529",NA,NA,"","","","","governor / lieutenant governor",""
"PA2018",2018,2018,"cand68861305",29085816743,"wagner, scott r & bartos, jeffrey a","wagner","scott r & bartos","scott r & bartos","","","","200","PA","state:governor","","","C","M",1.027,1.037,1.061,0.985,NA,NA,NA,NA,NA,2.5084042669092,3550,3957,NA,NA,NA,NA,NA,NA,NA,NA,NA,NA,"",NA,"","","",NA,"","cand","","","PA46805292018","pa_2014C1091","PA4680529","","PA4680529",NA,NA,"","","","","governor / lieutenant governor",""
"PA2018",2018,2018,"cand68862948",29085811649,"wolf, thomas w tom & fetterman, john k","wolf","thomas w tom & fetterman","thomas w tom & fetterman","","","","100","PA","state:governor","","","I","M",-0.73,-0.789,-0.733,-0.657,NA,NA,NA,NA,NA,-2.01225730999724,8522,14487,NA,NA,NA,NA,NA,NA,NA,NA,NA,NA,"",NA,"","","",NA,"","cand","","","PA50237992018","PA5023799","PA5023799","","PA5023799",NA,NA,"","","","","governor / lieutenant governor",""
"PA2020",2020,2020,"cand197135",5000003972005065,"heidelbaugh, heather s","heidelbaugh","heather s","heather","s","","","200","PA","state:attorneyg","","","C","F",1.062,1.062,1.098,1.025,NA,NA,NA,NA,NA,2.61310169714653,544,544,NA,NA,NA,NA,NA,NA,NA,NA,NA,NA,"",NA,"","","",NA,"","cand","","","PA149942302020","PA14994230","PA14994230","","PA14994230",NA,NA,"","","","","attorney general",""
"PA2016",2016,2016,"cand68862948",29085811649,"wolf, thomas w tom & fetterman, john k","wolf","thomas w tom & fetterman","thomas w tom & fetterman","","","","100","PA","state:governor","","","I","M",-0.73,-0.611,-0.733,-0.657,NA,NA,NA,NA,NA,-2.01225730999724,894,14487,NA,NA,NA,NA,NA,NA,NA,NA,NA,NA,"",NA,"","","",NA,"","cand","","","PA50237992016","PA5023799","PA5023799","","PA5023799",NA,NA,"","","","","governor / lieutenant governor",""
"PA2020",2020,2020,"cand102231",34882755616,"shapiro, joshua d josh","shapiro","joshua d josh","joshua","d","","","100","PA","state:attorneyg","","","I","M",-0.854,-0.658,-0.75,-0.857,NA,NA,NA,NA,NA,-2.18835187283216,2523,48633,NA,NA,NA,NA,NA,NA,NA,NA,NA,NA,"",NA,"","","",NA,"","cand","","","PA64547962020","PA6753","PA6454796","","PA6454796",NA,NA,"","","","","attorney general",""
